title,published,link,content
Email List Of Decision Makers - Upwork,"Fri, 01 Apr 2022 12:25:26 +0000",https://www.upwork.com/jobs/Email-List-Decision-Makers_%7E01c2cf6f89ee5540ff?source=rss,"[{'type': 'text/html', 'language': None, 'base': 'https://www.upwork.com/ab/feed/jobs/rss?q=scraping', 'value': 'Email List Of Decision Makers<br /><br />\nWe are looking to build an email list of decision-makers in various fields of expertise. Company URL - https://cutt.ly/0Az7Ghn The Preferred way is to scrape emails from websites that have pages <br />\ndedicated to senior executives. However, every other method of capturing emails of executives is welcomed.<br /><br /><br /><b>Hourly Range</b>: $15.00-$35.00\n\n<br /><b>Posted On</b>: April 01, 2022 12:25 UTC<br /><b>Category</b>: General Research Services<br /><b>Skills</b>:Email Marketing,     Lead Generation,     Microsoft Excel,     Data Mining,     Contact List,     Email Communication,     Data Scraping    \n<br /><b>Skills</b>:        Email Marketing,                     Lead Generation,                     Microsoft Excel,                     Data Mining,                     Contact List,                     Email Communication,                     Data Scraping            <br /><b>Country</b>: Germany\n<br /><a href=""https://www.upwork.com/jobs/Email-List-Decision-Makers_%7E01c2cf6f89ee5540ff?source=rss"">click to apply</a>'}]"
Excel Work - Upwork,"Fri, 01 Apr 2022 11:58:10 +0000",https://www.upwork.com/jobs/Excel-Work_%7E0163330c83d8f99a45?source=rss,"[{'type': 'text/html', 'language': None, 'base': 'https://www.upwork.com/ab/feed/jobs/rss?q=scraping', 'value': 'Extract and arrange some alphanumeric data from Web pages and enter it into Excel<br />\nData Entry, Data Processing, Excel, Visual Basic, Web Scraping<br />\n15USD/Hr - 25USD/Hr<br /><br /><br /><br /><b>Posted On</b>: April 01, 2022 11:58 UTC<br /><b>Category</b>: Data Entry<br /><b>Skills</b>:Microsoft Excel,     Data Entry,     Visual Basic for Applications,     Virtual Assistant,     Researcher,     File Management,     Scheduling    \n<br /><b>Skills</b>:        Microsoft Excel,                     Data Entry,                     Visual Basic for Applications,                     Virtual Assistant,                     Researcher,                     File Management,                     Scheduling            <br /><b>Country</b>: India\n<br /><a href=""https://www.upwork.com/jobs/Excel-Work_%7E0163330c83d8f99a45?source=rss"">click to apply</a>'}]"
Data mining  - Upwork,"Fri, 01 Apr 2022 11:57:25 +0000",https://www.upwork.com/jobs/Data-mining_%7E01d5a608302ebb75c0?source=rss,"[{'type': 'text/html', 'language': None, 'base': 'https://www.upwork.com/ab/feed/jobs/rss?q=scraping', 'value': 'I need a good freelancer who is good in typewriting and data mining and can process other company related documents accurately,within a specific period/time.<br /><br /><b>Budget</b>: $500\n<br /><b>Posted On</b>: April 01, 2022 11:57 UTC<br /><b>Category</b>: Data Mining<br /><b>Skills</b>:Data Mining,     Data Scraping,     Data Entry,     Microsoft Excel,     Researcher    \n<br /><b>Skills</b>:        Data Mining,                     Data Scraping,                     Data Entry,                     Microsoft Excel,                     Researcher            <br /><b>Country</b>: Finland\n<br /><a href=""https://www.upwork.com/jobs/Data-mining_%7E01d5a608302ebb75c0?source=rss"">click to apply</a>'}]"
Extract data from PDF files and arrange it in excel - Upwork,"Fri, 01 Apr 2022 11:36:29 +0000",https://www.upwork.com/jobs/Extract-data-from-PDF-files-and-arrange-excel_%7E016e91b29ff69a9fb8?source=rss,"[{'type': 'text/html', 'language': None, 'base': 'https://www.upwork.com/ab/feed/jobs/rss?q=scraping', 'value': 'You are required to extract data from given PDF files and enter in it Excel template which we&#039;ll provide you.<br /><br /><b>Budget</b>: $500\n<br /><b>Posted On</b>: April 01, 2022 11:36 UTC<br /><b>Category</b>: Data Extraction<br /><b>Skills</b>:Data Entry,     Data Extraction,     PDF Conversion,     Data Scraping,     Data Mining    \n<br /><b>Skills</b>:        Data Entry,                     Data Extraction,                     PDF Conversion,                     Data Scraping,                     Data Mining            <br /><b>Country</b>: United States\n<br /><a href=""https://www.upwork.com/jobs/Extract-data-from-PDF-files-and-arrange-excel_%7E016e91b29ff69a9fb8?source=rss"">click to apply</a>'}]"
Data Scraping with Chrome Extension - Upwork,"Fri, 01 Apr 2022 11:32:13 +0000",https://www.upwork.com/jobs/Data-Scraping-with-Chrome-Extension_%7E01794cdecb9ce07ff6?source=rss,"[{'type': 'text/html', 'language': None, 'base': 'https://www.upwork.com/ab/feed/jobs/rss?q=scraping', 'value': 'I would like to download a series of text files a web site. <br />\nNew files are added on a monthly basis<br /><br /><b>Hourly Range</b>: $9.00-$28.00\n\n<br /><b>Posted On</b>: April 01, 2022 11:32 UTC<br /><b>Category</b>: Data Extraction<br /><b>Skills</b>:Data Scraping,     Google Chrome Extension    \n<br /><b>Skills</b>:        Data Scraping,                     Google Chrome Extension            <br /><b>Country</b>: United States\n<br /><a href=""https://www.upwork.com/jobs/Data-Scraping-with-Chrome-Extension_%7E01794cdecb9ce07ff6?source=rss"">click to apply</a>'}]"
Scraping Data to JSON - Upwork,"Fri, 01 Apr 2022 11:32:00 +0000",https://www.upwork.com/jobs/Scraping-Data-JSON_%7E01257586ddee6e1f7f?source=rss,"[{'type': 'text/html', 'language': None, 'base': 'https://www.upwork.com/ab/feed/jobs/rss?q=scraping', 'value': 'This is a project to scrape all of the data for restaurants in the USA that offer delivery using their own delivery driver (not a service such as grub hub, uber eats, post mates, etc.)<br /><br />\nOutputting a JSON with the Company name, location, phone number, email if available, store hours if available, website if available, link to menu (pdf or site) and a stretch bonus if menu items can be scraped.<br /><br />\nGoogle has the ability using certain filters do to a lot of what is needed.&nbsp;&nbsp;Looking to get a list of delivery driver places that might need commercial insurance and comparing actuarial rates driven by menu pricing.<br /><br />\nThere will be a milestone payment of $60USD for showing results from the Dallas/Fort Worth, Texas area, then will receive the remainder for the remaining scraping.<br /><br /><br /><br /><b>Budget</b>: $200\n<br /><b>Posted On</b>: April 01, 2022 11:32 UTC<br /><b>Category</b>: Data Extraction<br /><b>Skills</b>:Data Scraping,     Data Extraction,     JSON    \n<br /><b>Skills</b>:        Data Scraping,                     Data Extraction,                     JSON            <br /><b>Country</b>: United States\n<br /><a href=""https://www.upwork.com/jobs/Scraping-Data-JSON_%7E01257586ddee6e1f7f?source=rss"">click to apply</a>'}]"
Python and algorith expert - Upwork,"Fri, 01 Apr 2022 11:21:57 +0000",https://www.upwork.com/jobs/Python-and-algorith-expert_%7E011d941d349041411e?source=rss,"[{'type': 'text/html', 'language': None, 'base': 'https://www.upwork.com/ab/feed/jobs/rss?q=scraping', 'value': 'I need to perform an audio/text alignment through an algorithm (using python package Aeneas).<br />\nTo better explain the work i can send you a paper and a github where you can also find an example of such algorithm which need to be adapted to our case.<br />\nLet me know if you can be interested.<br /><br />\nhere the paper with the description of the data processing. We need to do a similar work on a different dataset of texts and audios.<br /><br />\nI also send you the github link, where you can find the code to be readapted to our case. If you study the package Aeneas i think the work is quite straightforward<br /><br />\nhttps://github.com/Earnings-Call-Dataset/MAEC-A-Multimodal-Aligned-Earnings-Conference-Call-Dataset-for-Financial-Risk-Prediction<br /><br />\nyou can contact me on latinstar47 at g m a i l dot com <br /><br /><b>Budget</b>: $15\n<br /><b>Posted On</b>: April 01, 2022 11:21 UTC<br /><b>Category</b>: Scripting &amp; Automation<br /><b>Skills</b>:Python,     Data Science,     Data Scraping,     Machine Learning,     Data Analysis    \n<br /><b>Skills</b>:        Python,                     Data Science,                     Data Scraping,                     Machine Learning,                     Data Analysis            <br /><b>Country</b>: Pakistan\n<br /><a href=""https://www.upwork.com/jobs/Python-and-algorith-expert_%7E011d941d349041411e?source=rss"">click to apply</a>'}]"
Need LED display install &amp;repair companies LIST with contact information  in main cities of USA - Upwork,"Fri, 01 Apr 2022 11:16:26 +0000",https://www.upwork.com/jobs/Need-LED-display-install-amp-repair-companies-LIST-with-contact-information-main-cities-USA_%7E016d3bb10ca3e1ba98?source=rss,"[{'type': 'text/html', 'language': None, 'base': 'https://www.upwork.com/ab/feed/jobs/rss?q=scraping', 'value': 'We are a LED Display (LED screen) Manufacturer from China and export our products to USA.We are looking for the&nbsp;&nbsp;LED display installation &amp;amp; maintenance &amp;amp; repair companies in main cities of USA.Please see our products in attached photos.<br /><br />\nWe need LED display installation &amp;amp; maintenance &amp;amp; repair companies LIST with contact information in main cities of USA.We will contact them and choose some of them as our partners in their local cities.<br /><br />\nWe will consider you as our future researcher if this time we work well.Now we are in China and you can contact me anytime.<br /><br /><b>Budget</b>: $150\n<br /><b>Posted On</b>: April 01, 2022 11:16 UTC<br /><b>Category</b>: General Research Services<br /><b>Skills</b>:Information Literacy,     Contact List,     Data Scraping,     Microsoft Excel,     Market Research    \n<br /><b>Skills</b>:        Information Literacy,                     Contact List,                     Data Scraping,                     Microsoft Excel,                     Market Research            <br /><b>Country</b>: Hong Kong\n<br /><a href=""https://www.upwork.com/jobs/Need-LED-display-install-amp-repair-companies-LIST-with-contact-information-main-cities-USA_%7E016d3bb10ca3e1ba98?source=rss"">click to apply</a>'}]"
Web scrapping - Directory - Upwork,"Fri, 01 Apr 2022 11:16:03 +0000",https://www.upwork.com/jobs/Web-scrapping-Directory_%7E01f39fed262afa5dda?source=rss,"[{'type': 'text/html', 'language': None, 'base': 'https://www.upwork.com/ab/feed/jobs/rss?q=scraping', 'value': 'Hi there,<br /><br />\nCould you please scrape this directory ? https://cns.sanita.it/invoke/GEOBLOOD/GEOTER<br />\n2004 entries in total.<br /><br />\nThank you!<br /><br /><b>Budget</b>: $10\n<br /><b>Posted On</b>: April 01, 2022 11:16 UTC<br /><b>Category</b>: Data Extraction<br /><b>Skills</b>:Data Scraping    \n<br /><b>Skills</b>:        Data Scraping            <br /><b>Country</b>: Luxembourg\n<br /><a href=""https://www.upwork.com/jobs/Web-scrapping-Directory_%7E01f39fed262afa5dda?source=rss"">click to apply</a>'}]"
Gather Info About  10+ Hotels In London - Upwork,"Fri, 01 Apr 2022 11:15:27 +0000",https://www.upwork.com/jobs/Gather-Info-About-Hotels-London_%7E013a1609ab070f1ce2?source=rss,"[{'type': 'text/html', 'language': None, 'base': 'https://www.upwork.com/ab/feed/jobs/rss?q=scraping', 'value': 'Hey! I hope that you are well. So i need a info about 10+ Hotels in London. Check details about the work heree... https://bit.ly/35t6sv9&nbsp;&nbsp;<br /><br />\nAfter...you have checked then tell in proposal how much you will charge and time required to complete this job.&nbsp;&nbsp;<br /><br />\nReagrds<br /><br /><b>Budget</b>: $160\n<br /><b>Posted On</b>: April 01, 2022 11:15 UTC<br /><b>Category</b>: General Research Services<br /><b>Skills</b>:Data Entry,     Data Scraping,     Market Research,     Researcher,     List Building,     Lead Generation    \n<br /><b>Skills</b>:        Data Entry,                     Data Scraping,                     Market Research,                     Researcher,                     List Building,                     Lead Generation            <br /><b>Country</b>: Finland\n<br /><a href=""https://www.upwork.com/jobs/Gather-Info-About-Hotels-London_%7E013a1609ab070f1ce2?source=rss"">click to apply</a>'}]"
Instagram and Facebook Page Insights - Download to Spreadsheet - Upwork,"Fri, 01 Apr 2022 11:11:05 +0000",https://www.upwork.com/jobs/Instagram-and-Facebook-Page-Insights-Download-Spreadsheet_%7E01e4b3a094d2344d32?source=rss,"[{'type': 'text/html', 'language': None, 'base': 'https://www.upwork.com/ab/feed/jobs/rss?q=scraping', 'value': 'We&#039;re seeking an experienced data extraction professional to create a link to our own company&#039;s Instagram Account and Facebook page. Want to be able to download our previous and ongoing social media insights - reach, engagement, etc from all posts, as well as track overall follower count and profile views over time. <br /><br /><b>Hourly Range</b>: $6.00-$18.00\n\n<br /><b>Posted On</b>: April 01, 2022 11:11 UTC<br /><b>Category</b>: Social Media Marketing<br /><b>Skills</b>:Facebook,     Data Mining,     Data Scraping,     Microsoft Excel,     Instagram,     Social Media Marketing    \n<br /><b>Skills</b>:        Facebook,                     Data Mining,                     Data Scraping,                     Microsoft Excel,                     Instagram,                     Social Media Marketing            <br /><b>Country</b>: India\n<br /><a href=""https://www.upwork.com/jobs/Instagram-and-Facebook-Page-Insights-Download-Spreadsheet_%7E01e4b3a094d2344d32?source=rss"">click to apply</a>'}]"
Data Scraping Work - Upwork,"Fri, 01 Apr 2022 11:09:13 +0000",https://www.upwork.com/jobs/Data-Scraping-Work_%7E0143bccbf88affa35c?source=rss,"[{'type': 'text/html', 'language': None, 'base': 'https://www.upwork.com/ab/feed/jobs/rss?q=scraping', 'value': 'Hey! I hope that you are well. So i need a data scraping person who have some experience in data scraping work. Check details about the work heree... https://bit.ly/35t6sv9&nbsp;&nbsp;<br /><br />\nAfter...you have checked then tell in proposal how much you will charge and time required to complete this job.&nbsp;&nbsp;<br /><br />\nReagrds<br /><br /><b>Budget</b>: $80\n<br /><b>Posted On</b>: April 01, 2022 11:09 UTC<br /><b>Category</b>: Data Extraction<br /><b>Skills</b>:Data Scraping    \n<br /><b>Skills</b>:        Data Scraping            <br /><b>Country</b>: Finland\n<br /><a href=""https://www.upwork.com/jobs/Data-Scraping-Work_%7E0143bccbf88affa35c?source=rss"">click to apply</a>'}]"
Scraping big data - Upwork,"Fri, 01 Apr 2022 10:35:42 +0000",https://www.upwork.com/jobs/Scraping-big-data_%7E0188441a792fdecdd0?source=rss,"[{'type': 'text/html', 'language': None, 'base': 'https://www.upwork.com/ab/feed/jobs/rss?q=scraping', 'value': 'i need to scrap web data from&nbsp;&nbsp;a website ,data extraction is the process of collecting or retrieving disparate types of data from a variety of sources, many of which may be poorly organized or completely unstructured. Data extraction makes it possible to consolidate, process, and refine data so that it can be stored in a centralized location in order to be transformed. These locations may be on-site, cloud-based, or a hybrid of the two.<br /><br /><b>Hourly Range</b>: $9.00-$28.00\n\n<br /><b>Posted On</b>: April 01, 2022 10:35 UTC<br /><b>Category</b>: Data Extraction<br /><b>Skills</b>:Data Scraping,     Selenium,     Data Extraction,     Scrapy    \n<br /><b>Skills</b>:        Data Scraping,                     Selenium,                     Data Extraction,                     Scrapy            <br /><b>Country</b>: Morocco\n<br /><a href=""https://www.upwork.com/jobs/Scraping-big-data_%7E0188441a792fdecdd0?source=rss"">click to apply</a>'}]"
Lead Scraper For Pet Niche Brands - Upwork,"Fri, 01 Apr 2022 10:28:39 +0000",https://www.upwork.com/jobs/Lead-Scraper-For-Pet-Niche-Brands_%7E01324afdff2d1b9349?source=rss,"[{'type': 'text/html', 'language': None, 'base': 'https://www.upwork.com/ab/feed/jobs/rss?q=scraping', 'value': 'Follow attached doc. Ensure to keep layout as mentioned in attached doc. Remember to verify email addresses. <br /><br /><b>Budget</b>: $10\n<br /><b>Posted On</b>: April 01, 2022 10:28 UTC<br /><b>Category</b>: Lead Generation<br /><b>Skills</b>:Lead Generation    \n<br /><b>Skills</b>:        Lead Generation            <br /><b>Country</b>: United Kingdom\n<br /><a href=""https://www.upwork.com/jobs/Lead-Scraper-For-Pet-Niche-Brands_%7E01324afdff2d1b9349?source=rss"">click to apply</a>'}]"
"Web scraping, need the end product and code as well - Upwork","Fri, 01 Apr 2022 10:21:00 +0000",https://www.upwork.com/jobs/Web-scraping-need-the-end-product-and-code-well_%7E01b177839e84cac4a2?source=rss,"[{'type': 'text/html', 'language': None, 'base': 'https://www.upwork.com/ab/feed/jobs/rss?q=scraping', 'value': 'scrap data from a website, with detail instruction and template provided.<br />\nplease message me and I will send you the web the instruction for your assessment. Thanks.<br /><br /><b>Budget</b>: $20\n<br /><b>Posted On</b>: April 01, 2022 10:21 UTC<br /><b>Category</b>: Data Extraction<br /><b>Skills</b>:Data Scraping,     JavaScript,     Python    \n<br /><b>Skills</b>:        Data Scraping,                     JavaScript,                     Python            <br /><b>Country</b>: Hong Kong\n<br /><a href=""https://www.upwork.com/jobs/Web-scraping-need-the-end-product-and-code-well_%7E01b177839e84cac4a2?source=rss"">click to apply</a>'}]"
I Need a python expert - Upwork,"Fri, 01 Apr 2022 10:09:03 +0000",https://www.upwork.com/jobs/Need-python-expert_%7E01b64a5771f177c3dd?source=rss,"[{'type': 'text/html', 'language': None, 'base': 'https://www.upwork.com/ab/feed/jobs/rss?q=scraping', 'value': 'Valuable client <br />\nI need to add one more layer to a feedforward project.<br />\nYou can use google colab to open this project or notebook<br /><br /><b>Hourly Range</b>: $17.00-$20.00\n\n<br /><b>Posted On</b>: April 01, 2022 10:09 UTC<br /><b>Category</b>: Scripting &amp; Automation<br /><b>Skills</b>:Python,     Data Scraping,     Data Science,     Web Development,     Data Analysis    \n<br /><b>Skills</b>:        Python,                     Data Scraping,                     Data Science,                     Web Development,                     Data Analysis            <br /><b>Country</b>: Pakistan\n<br /><a href=""https://www.upwork.com/jobs/Need-python-expert_%7E01b64a5771f177c3dd?source=rss"">click to apply</a>'}]"
Remove My Instagram Bot/Fake Followers - Upwork,"Fri, 01 Apr 2022 09:40:58 +0000",https://www.upwork.com/jobs/Remove-Instagram-Bot-Fake-Followers_%7E01764da36dfa728390?source=rss,"[{'type': 'text/html', 'language': None, 'base': 'https://www.upwork.com/ab/feed/jobs/rss?q=scraping', 'value': 'I want to clean my Instagram Bot followers. I am not getting any engagement, though I have 4k+ followers.<br /><br /><b>Budget</b>: $20\n<br /><b>Posted On</b>: April 01, 2022 09:40 UTC<br /><b>Category</b>: Social Media Marketing<br /><b>Skills</b>:Instagram,     Instagram API,     Python,     Social Media Management,     Social Media Marketing,     Facebook,     Automation,     Data Scraping    \n<br /><b>Skills</b>:        Instagram,                     Instagram API,                     Python,                     Social Media Management,                     Social Media Marketing,                     Facebook,                     Automation,                     Data Scraping            <br /><b>Country</b>: United States\n<br /><a href=""https://www.upwork.com/jobs/Remove-Instagram-Bot-Fake-Followers_%7E01764da36dfa728390?source=rss"">click to apply</a>'}]"
Property data scrapping - Upwork,"Fri, 01 Apr 2022 09:40:04 +0000",https://www.upwork.com/jobs/Property-data-scrapping_%7E0171b8fa2f53ddcd39?source=rss,"[{'type': 'text/html', 'language': None, 'base': 'https://www.upwork.com/ab/feed/jobs/rss?q=scraping', 'value': 'I am a property investor in the UK. I am looking for someone who can scrap the internet and find below market value properties on rightmove, Zoopla, Gumtree, facebook market, spare room and open rent. I am also looking for sellers who are motivated and want a quick sale I.E cash sale.<br />\n&nbsp;&nbsp;&nbsp;&nbsp;&nbsp;&nbsp;&nbsp;&nbsp;&nbsp;The types of properties we are looking for is 2 + bedrooms, houses only, run down properties that need refurbishments so we can refinance after 6 months and pull all our money back out. Maximum budget &pound;250,000.<br />\n&nbsp;&nbsp;&nbsp;&nbsp;&nbsp;<br />\nThis bit below try and get as much information as possible please<br />\nWe would like as much detail as possible sent over on a spreadsheet I.E property details, asking price, % of below market value price, customers name, What property can potentially sell for 6 months later&nbsp;&nbsp;<br /><br /><b>Hourly Range</b>: $4.00-$15.00\n\n<br /><b>Posted On</b>: April 01, 2022 09:40 UTC<br /><b>Category</b>: Data Extraction<br /><b>Skills</b>:Data Scraping,     Microsoft Excel,     Scraper,     Lead Generation,     List Building,     Market Research,     Virtual Assistant,     Data Collection    \n<br /><b>Skills</b>:        Data Scraping,                     Microsoft Excel,                     Scraper,                     Lead Generation,                     List Building,                     Market Research,                     Virtual Assistant,                     Data Collection            <br /><b>Country</b>: United Kingdom\n<br /><a href=""https://www.upwork.com/jobs/Property-data-scrapping_%7E0171b8fa2f53ddcd39?source=rss"">click to apply</a>'}]"
Date Entry - Upwork,"Fri, 01 Apr 2022 09:33:00 +0000",https://www.upwork.com/jobs/Date-Entry_%7E01df62812acd7f53e2?source=rss,"[{'type': 'text/html', 'language': None, 'base': 'https://www.upwork.com/ab/feed/jobs/rss?q=scraping', 'value': '<br />\nThere is data in a website that is table-like but is not able to be copy and pasted and off-the-shelf scrapers cannot seem to grab it.<br />\nI want to convert the data from the website into a spreadsheet.<br />\nSlightly complicating the task is the fact the data spans several pages.<br />\nThe user must hit a Next button at the bottom to see the next page.<br />\nAttaching images from the top and bottom of the table-like portion of the site.<br /><br />\nData Entry, Data Processing, Excel, PHP, Web Scraping<br /><br /><br /><b>Budget</b>: $1,000\n<br /><b>Posted On</b>: April 01, 2022 09:33 UTC<br /><b>Category</b>: Data Entry<br /><b>Skills</b>:Data Entry,     Microsoft Excel,     Accuracy Verification,     Database,     Microsoft Word,     Product Listings,     Sales Lead Lists,     Researcher,     Google Docs,     List Building,     Web Service,     Spreadsheet Software    \n<br /><b>Skills</b>:        Data Entry,                     Microsoft Excel,                     Accuracy Verification,                     Database,                     Microsoft Word,                     Product Listings,                     Sales Lead Lists,                     Researcher,                     Google Docs,                     List Building,                     Web Service,                     Spreadsheet Software            <br /><b>Country</b>: Brazil\n<br /><a href=""https://www.upwork.com/jobs/Date-Entry_%7E01df62812acd7f53e2?source=rss"">click to apply</a>'}]"
"Scrape data of Programming, software developer  - Upwork","Fri, 01 Apr 2022 09:21:04 +0000",https://www.upwork.com/jobs/Scrape-data-Programming-software-developer_%7E01ed7928445027da83?source=rss,"[{'type': 'text/html', 'language': None, 'base': 'https://www.upwork.com/ab/feed/jobs/rss?q=scraping', 'value': 'Hello <br /><br />\nI need data of programming, software developer From Netherlands <br /><br />\nplatforms: LinkedIn, Careerbuilder, Glassdoor<br /><br />\ncontact me asap for more details <br /><br />\nThanks <br /><br /><b>Budget</b>: $10\n<br /><b>Posted On</b>: April 01, 2022 09:21 UTC<br /><b>Category</b>: Data Extraction<br /><b>Skills</b>:Python,     JavaScript,     Java,     API,     C++,     PHP,     HTML,     C#,     CSS,     Desktop Application    \n<br /><b>Skills</b>:        Python,                     JavaScript,                     Java,                     API,                     C++,                     PHP,                     HTML,                     C#,                     CSS,                     Desktop Application            <br /><b>Country</b>: Italy\n<br /><a href=""https://www.upwork.com/jobs/Scrape-data-Programming-software-developer_%7E01ed7928445027da83?source=rss"">click to apply</a>'}]"
Convert Non-Table Data From Website into Spreadsheet - Upwork,"Fri, 01 Apr 2022 09:11:55 +0000",https://www.upwork.com/jobs/Convert-Non-Table-Data-From-Website-into-Spreadsheet_%7E01611daadbd065deab?source=rss,"[{'type': 'text/html', 'language': None, 'base': 'https://www.upwork.com/ab/feed/jobs/rss?q=scraping', 'value': '<br />\nThere is data in a website that is table-like but is not able to be copy and pasted and off-the-shelf scrapers cannot seem to grab it.&nbsp;&nbsp;I want to convert the data from the website into a spreadsheet.&nbsp;&nbsp;Slightly complicating the task is the fact the data spans several pages - the user must hit a Next button at the bottom to see the next page.&nbsp;&nbsp;Attaching images from the top and bottom of the table-like portion of the site.<br />\nData Entry, Data Processing, Excel, PHP, Web Scraping<br /><br /><br /><b>Budget</b>: $1,000\n<br /><b>Posted On</b>: April 01, 2022 09:11 UTC<br /><b>Category</b>: Data Entry<br /><b>Skills</b>:Data Entry,     Data Scraping,     Microsoft Excel,     Data Processing,     Excelsoft Technologies Saras    \n<br /><b>Skills</b>:        Data Entry,                     Data Scraping,                     Microsoft Excel,                     Data Processing,                     Excelsoft Technologies Saras            <br /><b>Location Requirement</b>: Only freelancers located in the United States may apply.\n<br /><b>Country</b>: United States\n<br /><a href=""https://www.upwork.com/jobs/Convert-Non-Table-Data-From-Website-into-Spreadsheet_%7E01611daadbd065deab?source=rss"">click to apply</a>'}]"
Need instagram lead expert (emails) - Upwork,"Fri, 01 Apr 2022 08:55:50 +0000",https://www.upwork.com/jobs/Need-instagram-lead-expert-emails_%7E01b6e750ddfae89694?source=rss,"[{'type': 'text/html', 'language': None, 'base': 'https://www.upwork.com/ab/feed/jobs/rss?q=scraping', 'value': 'Need someone who can do instagram scraping for emails<br /><br /><b>Budget</b>: $1,000\n<br /><b>Posted On</b>: April 01, 2022 08:55 UTC<br /><b>Category</b>: Lead Generation<br /><b>Skills</b>:Data Scraping,     Lead Generation,     List Building    \n<br /><b>Skills</b>:        Data Scraping,                     Lead Generation,                     List Building            <br /><b>Country</b>: Australia\n<br /><a href=""https://www.upwork.com/jobs/Need-instagram-lead-expert-emails_%7E01b6e750ddfae89694?source=rss"">click to apply</a>'}]"
Lead Generation Data Searching - Upwork,"Fri, 01 Apr 2022 08:38:16 +0000",https://www.upwork.com/jobs/Lead-Generation-Data-Searching_%7E01059b6f52932f02e9?source=rss,"[{'type': 'text/html', 'language': None, 'base': 'https://www.upwork.com/ab/feed/jobs/rss?q=scraping', 'value': 'Required a person who is eligible for searching the companies who want to promote our business through marketing we required their full name and their designation company name company address phone number and email address. Demand only fresh data.<br />\nCountries<br />\nUK&nbsp;&nbsp;Pakistan for one sheet<br />\nnext sheet USA&nbsp;&nbsp;&nbsp;Australia&nbsp;&nbsp;&nbsp;&nbsp;&nbsp;&nbsp;&nbsp;&nbsp;Qatar&nbsp;&nbsp;&nbsp;Russia&nbsp;&nbsp;&nbsp;&nbsp;Brazils&nbsp;&nbsp;&nbsp;&nbsp;&nbsp;United Arab Emirates&nbsp;&nbsp;Ireland&nbsp;&nbsp;&nbsp;&nbsp;&nbsp;&nbsp;Switzerland&nbsp;&nbsp;Luxembourg&nbsp;&nbsp;&nbsp;&nbsp;&nbsp;&nbsp;&nbsp;&nbsp;&nbsp;&nbsp;&nbsp;&nbsp;Norway&nbsp;&nbsp;Qatar&nbsp;&nbsp;&nbsp;&nbsp;&nbsp;Singapore&nbsp;&nbsp;&nbsp;Brunei Darussalam&nbsp;&nbsp;&nbsp;&nbsp;&nbsp;Macao SAR Spain Estonia Poland<br />\nHungary Puerto Rico Portugal&nbsp;&nbsp;Slovak Republic&nbsp;&nbsp;&nbsp;&nbsp;&nbsp;Aruba The Bahamas&nbsp;&nbsp;Latvia Turkey&nbsp;&nbsp;&nbsp;Romania&nbsp;&nbsp;&nbsp;Oman&nbsp;&nbsp;&nbsp;Greece Croatia&nbsp;&nbsp;Panama<br /><br /><b>Budget</b>: $5\n<br /><b>Posted On</b>: April 01, 2022 08:38 UTC<br /><b>Category</b>: Lead Generation<br /><b>Skills</b>:Data Scraping,     Data Entry,     Data Mining,     Lead Generation,     List Building,     Microsoft Excel,     Prospect List,     Researcher,     Market Research    \n<br /><b>Skills</b>:        Data Scraping,                     Data Entry,                     Data Mining,                     Lead Generation,                     List Building,                     Microsoft Excel,                     Prospect List,                     Researcher,                     Market Research            <br /><b>Country</b>: United States\n<br /><a href=""https://www.upwork.com/jobs/Lead-Generation-Data-Searching_%7E01059b6f52932f02e9?source=rss"">click to apply</a>'}]"
"SORARE BOT, FAST AUTOBUYER for Internet Card Game - Upwork","Fri, 01 Apr 2022 08:04:06 +0000",https://www.upwork.com/jobs/SORARE-BOT-FAST-AUTOBUYER-for-Internet-Card-Game_%7E01ffca639593f17248?source=rss,"[{'type': 'text/html', 'language': None, 'base': 'https://www.upwork.com/ab/feed/jobs/rss?q=scraping', 'value': 'Sorare is a Fantasy Football game released in 2019 where you collect digital cards (NFT) bearing the image of football players.<br /><br />\nThe game is based on Ethereum technology in which its own marketplace is integrated. The API is in Opensource made available by GraphQL.<br /><br />\nObjectives:<br />\n- Create an Autobuyer bot which, based on a given average price, would be able to buy a card as soon as it is put on the market. Provided that it is X% lower than its average price, it is a question here of spotting a price error and buying it as quickly as possible, before the other bots in service on the platform.<br /><br />\nFor Example: <br /><br />\n-If the newPlayer1 on the market is 20% cheaper then the average price, fast automated buy. <br />\n- After that more attributes: Only Players from 18-35 years old or only from European Leagues. etc.<br /><br />\n- Hide IP and ways to not be blocked.<br /><br />\nYou can find some information here:<br />\nhttps://github.com/sorare<br /><br />\nThe game is this:<br />\nsorare.com<br /><br /><b>Budget</b>: $500\n<br /><b>Posted On</b>: April 01, 2022 08:04 UTC<br /><b>Category</b>: Scripting &amp; Automation<br /><b>Skills</b>:Automation,     Data Scraping,     Game Development,     Scripting    \n<br /><b>Skills</b>:        Automation,                     Data Scraping,                     Game Development,                     Scripting            <br /><b>Country</b>: Germany\n<br /><a href=""https://www.upwork.com/jobs/SORARE-BOT-FAST-AUTOBUYER-for-Internet-Card-Game_%7E01ffca639593f17248?source=rss"">click to apply</a>'}]"
"To automate the process of Whatsapp group creation and sending messages using python coding.
 - Upwork","Fri, 01 Apr 2022 07:44:25 +0000",https://www.upwork.com/jobs/automate-the-process-Whatsapp-group-creation-and-sending-messages-using-python-coding_%7E016eadb3f0da5c825a?source=rss,"[{'type': 'text/html', 'language': None, 'base': 'https://www.upwork.com/ab/feed/jobs/rss?q=scraping', 'value': 'Platform-<br />\nWhatsapp Business account<br /><br />\nRequirement- <br />\nOur Google Sheet has one lakh contacts and you will need to prepare a script in which these one lakh contacts are divided into groups of 256.<br />\nEvery day for 10 days, around 9-10 am, you will be sending a PDF to these groups.<br /><br />\nWhat do we need-<br />\nPython Script to automate the creation of whatsapp groups, using 1 Lakh Contacts placed in a Google Sheet (391 Whatsapp Groups)<br />\nPython Script to Automate the sending of PDFs in those 391 Whatsapp Groups<br /><br /><br /><br /><b>Budget</b>: $200\n<br /><b>Posted On</b>: April 01, 2022 07:44 UTC<br /><b>Category</b>: Scripting &amp; Automation<br /><b>Skills</b>:Python,     Automation,     Scripting,     Data Scraping,     Google Sheets,     Bot Development    \n<br /><b>Skills</b>:        Python,                     Automation,                     Scripting,                     Data Scraping,                     Google Sheets,                     Bot Development            <br /><b>Country</b>: India\n<br /><a href=""https://www.upwork.com/jobs/automate-the-process-Whatsapp-group-creation-and-sending-messages-using-python-coding_%7E016eadb3f0da5c825a?source=rss"">click to apply</a>'}]"
Lead Generation Data Searching - Upwork,"Fri, 01 Apr 2022 06:42:02 +0000",https://www.upwork.com/jobs/Lead-Generation-Data-Searching_%7E01474bf63269ec9241?source=rss,"[{'type': 'text/html', 'language': None, 'base': 'https://www.upwork.com/ab/feed/jobs/rss?q=scraping', 'value': 'Required a person who is eligible for searching the companies who want to promote our business through marketing we required their full name and their designation company name company address phone number and email address. Demand only fresh data.<br />\nCountries <br />\nUK&nbsp;&nbsp;Pakistan for one sheet <br />\nnext sheet USA&nbsp;&nbsp;&nbsp;Australia&nbsp;&nbsp;&nbsp;&nbsp;&nbsp;&nbsp;&nbsp;&nbsp;Qatar&nbsp;&nbsp;&nbsp;Russia&nbsp;&nbsp;&nbsp;&nbsp;Brazils&nbsp;&nbsp;&nbsp;&nbsp;&nbsp;United Arab Emirates&nbsp;&nbsp;Ireland&nbsp;&nbsp;&nbsp;&nbsp;&nbsp;&nbsp;Switzerland&nbsp;&nbsp;Luxembourg&nbsp;&nbsp;&nbsp;&nbsp;&nbsp;&nbsp;&nbsp;&nbsp;&nbsp;&nbsp;&nbsp;&nbsp;Norway&nbsp;&nbsp;Qatar&nbsp;&nbsp;&nbsp;&nbsp;&nbsp;Singapore&nbsp;&nbsp;&nbsp;Brunei Darussalam&nbsp;&nbsp;&nbsp;&nbsp;&nbsp;Macao SAR Spain Estonia\tPoland\t<br />\nHungary\tPuerto Rico Portugal&nbsp;&nbsp;Slovak Republic\t&nbsp;&nbsp;&nbsp;&nbsp;Aruba\tThe Bahamas&nbsp;&nbsp;Latvia\t\tTurkey&nbsp;&nbsp;&nbsp;Romania\t&nbsp;&nbsp;Oman&nbsp;&nbsp;&nbsp;Greece\tCroatia&nbsp;&nbsp;Panama<br /><br /><br /><b>Hourly Range</b>: $5.00-$15.00\n\n<br /><b>Posted On</b>: April 01, 2022 06:42 UTC<br /><b>Category</b>: Lead Generation<br /><b>Skills</b>:Data Scraping,     Lead Generation,     Market Research,     Online Research,     Google Search    \n<br /><b>Skills</b>:        Data Scraping,                     Lead Generation,                     Market Research,                     Online Research,                     Google Search            <br /><b>Country</b>: United States\n<br /><a href=""https://www.upwork.com/jobs/Lead-Generation-Data-Searching_%7E01474bf63269ec9241?source=rss"">click to apply</a>'}]"
I a need a works in United States of America - Upwork,"Fri, 01 Apr 2022 06:33:31 +0000",https://www.upwork.com/jobs/need-works-United-States-America_%7E0118a71b4d5c83ee21?source=rss,"[{'type': 'text/html', 'language': None, 'base': 'https://www.upwork.com/ab/feed/jobs/rss?q=scraping', 'value': 'Good morning how are you doing today here?? I need a website builder developer and designer for my new website project anyone available and interested kindly get back to me in my email so I can&nbsp;&nbsp;share the project requirements my email below <br /><br />\ntaradelioclq88@gmail.com<br /><br /><b>Budget</b>: $1,500\n<br /><b>Posted On</b>: April 01, 2022 06:33 UTC<br /><b>Category</b>: Lead Generation<br /><b>Skills</b>:Market Research,     Virtual Assistant,     Researcher,     Data Entry,     Adobe Illustrator,     Lead Generation,     Data Scraping,     Content Writing    \n<br /><b>Skills</b>:        Market Research,                     Virtual Assistant,                     Researcher,                     Data Entry,                     Adobe Illustrator,                     Lead Generation,                     Data Scraping,                     Content Writing            <br /><b>Country</b>: United States\n<br /><a href=""https://www.upwork.com/jobs/need-works-United-States-America_%7E0118a71b4d5c83ee21?source=rss"">click to apply</a>'}]"
EAN and GTIN numbers for products. - Upwork,"Fri, 01 Apr 2022 06:16:09 +0000",https://www.upwork.com/jobs/EAN-and-GTIN-numbers-for-products_%7E010b048db5a295c47b?source=rss,"[{'type': 'text/html', 'language': None, 'base': 'https://www.upwork.com/ab/feed/jobs/rss?q=scraping', 'value': 'Search and create data base list for available EAN and GTIN codes for all available website products and articles. 3000+ <br /><br />\nExport list will all data points will be provided.<br /><br /><b>Hourly Range</b>: $3.00-$10.00\n\n<br /><b>Posted On</b>: April 01, 2022 06:16 UTC<br /><b>Category</b>: Data Entry<br /><b>Skills</b>:Data Entry,     Researcher,     Data Scraping,     Google Search,     Data Mining    \n<br /><b>Skills</b>:        Data Entry,                     Researcher,                     Data Scraping,                     Google Search,                     Data Mining            <br /><b>Country</b>: Austria\n<br /><a href=""https://www.upwork.com/jobs/EAN-and-GTIN-numbers-for-products_%7E010b048db5a295c47b?source=rss"">click to apply</a>'}]"
Need to scrape data from website - Upwork,"Fri, 01 Apr 2022 06:07:33 +0000",https://www.upwork.com/jobs/Need-scrape-data-from-website_%7E015e7970de2e264167?source=rss,"[{'type': 'text/html', 'language': None, 'base': 'https://www.upwork.com/ab/feed/jobs/rss?q=scraping', 'value': 'Need to scrape data from a website and provide output in csv format with defined columns.<br /><br /><b>Budget</b>: $10\n<br /><b>Posted On</b>: April 01, 2022 06:07 UTC<br /><b>Category</b>: Data Extraction<br /><b>Skills</b>:Data Scraping,     Python,     Scrapy,     Data Extraction    \n<br /><b>Skills</b>:        Data Scraping,                     Python,                     Scrapy,                     Data Extraction            <br /><b>Country</b>: India\n<br /><a href=""https://www.upwork.com/jobs/Need-scrape-data-from-website_%7E015e7970de2e264167?source=rss"">click to apply</a>'}]"
Database Collection Job - Upwork,"Fri, 01 Apr 2022 05:39:47 +0000",https://www.upwork.com/jobs/Database-Collection-Job_%7E0162b2d6c224a15eb4?source=rss,"[{'type': 'text/html', 'language': None, 'base': 'https://www.upwork.com/ab/feed/jobs/rss?q=scraping', 'value': 'The project is as follows:&nbsp;&nbsp;I need a database to be made in Excel for doctors. I have a list of over 500 hospitals and their websites. Now I need someone to figure out the email addresses of doctors in these organizations. The final deliverables will be an excel file with the following columns - Doctors Name, Specialization, Email address<br /><br /><br /><br /><b>Budget</b>: $150\n<br /><b>Posted On</b>: April 01, 2022 05:39 UTC<br /><b>Category</b>: Data Extraction<br /><b>Skills</b>:Company Research,     Database    \n<br /><b>Skills</b>:        Company Research,                     Database            <br /><b>Country</b>: United Arab Emirates\n<br /><a href=""https://www.upwork.com/jobs/Database-Collection-Job_%7E0162b2d6c224a15eb4?source=rss"">click to apply</a>'}]"
